{"1": {"recall": 0.44792472286671825, "F1": 0.5957483284759129, "precision": 0.8892016376663255, "accuracy": 0.952191719719395}, "2": {"recall": 0.48607888631090485, "F1": 0.6182473973276498, "precision": 0.849133078135555, "accuracy": 0.9527898300961032}, "3": {"recall": 0.49278164475380254, "F1": 0.6210705872796686, "precision": 0.8396661541840544, "accuracy": 0.9527087303840072}, "4": {"recall": 0.5015467904098995, "F1": 0.6295097880601844, "precision": 0.8451346655082537, "accuracy": 0.9535704148250274}, "5": {"recall": 0.5233307553493168, "F1": 0.6282884555865057, "precision": 0.7859078590785907, "accuracy": 0.9512996228863387}, "6": {"recall": 0.5219128641402423, "F1": 0.6421378161922131, "precision": 0.8343292808572017, "accuracy": 0.9542496249138316}, "7": {"recall": 0.5284867233823151, "F1": 0.6464327946393378, "precision": 0.8321493809620458, "accuracy": 0.9545334739061676}, "8": {"recall": 0.5319670018045888, "F1": 0.648185958850322, "precision": 0.8293810289389068, "accuracy": 0.9545841612262277}, "9": {"recall": 0.5260376385666409, "F1": 0.6454214771469239, "precision": 0.8349018003273322, "accuracy": 0.9545436113701796}, "10": {"recall": 0.531580304202114, "F1": 0.6460405733531762, "precision": 0.8233180275504093, "accuracy": 0.9541888001297595}, "11": {"recall": 0.5387986594483114, "F1": 0.6439685718687413, "precision": 0.8001531393568146, "accuracy": 0.9531446413365232}, "12": {"recall": 0.5320959010054138, "F1": 0.6162113748320646, "precision": 0.7319148936170212, "accuracy": 0.9478731600502818}}